code,category,name,variant_of,source_site,source_url,type,batch,date
"M75","Reveals","Product rises from behind a horizon","M1","Welly","https://www.awwwards.com/inspiration/scroll-triggered-animation-product-reveal-welly","inspired, no code copied (source: motion idea only, site all rights reserved (Awwwards element = video + title/tags; motion rebuilt from title, tags and description, not from code))","1","2026-10-04"
"M76","Reveals","Product rises in front of giant type","M25","Jetson by Mute","https://www.awwwards.com/inspiration/jetson-by-mute-jetson-by-mute-4","inspired, no code copied (source: motion idea only, site all rights reserved (Awwwards element = video + title/tags; motion rebuilt from title, tags and description, not from code))","1","2026-10-04"
"M77","Reveals","Image seen through the headline","M24","Mediterranean Dream","https://www.awwwards.com/inspiration/big-image-with-text-reveal-on-scroll-mediterranean-dream","inspired, no code copied (source: motion idea only, site all rights reserved (Awwwards element = video + title/tags; motion rebuilt from title, tags and description, not from code))","1","2026-10-04"
"M78","Reveals","Letterbox band opens","M18","Balans Kitchen","https://www.awwwards.com/inspiration/clip-path-scroll-animation-balans-kitchen-1","inspired, no code copied (source: motion idea only, site all rights reserved (Awwwards element = video + title/tags; motion rebuilt from title, tags and description, not from code))","1","2026-10-04"
"M79","Reveals","Full-bleed hero shrinks into its frame","M13","Stella Domo","https://www.awwwards.com/inspiration/stella-domo-zoom-out-hero-image-on-scroll-effect","inspired, no code copied (source: motion idea only, site all rights reserved (Awwwards element = video + title/tags; motion rebuilt from title, tags and description, not from code))","1","2026-10-04"
"M80","Reveals","Zoom-out reveals the gallery","M28","Ueno","https://www.awwwards.com/inspiration/zoom-out-gallery-scroll","inspired, no code copied (source: motion idea only, site all rights reserved (Awwwards element = video + title/tags; motion rebuilt from title, tags and description, not from code))","1","2026-10-04"
"M81","Reveals","Media opens between two words","M28","Fancy Components","https://raw.githubusercontent.com/DanielPetho/fancy/main/src/content/docs/components/blocks/media-between-text.mdx","inspired, no code copied (source: MIT © 2024 Daniel Petho (Fancy Components) — idea only, rebuilt in GSAP)","1","2026-10-04"
"M82","Reveals","Block reveal (two-phase box wipe)","M1","Codrops (github.com/codrops)","https://github.com/codrops/BlockRevealers","inspired, no code copied (source: Codrops licence (free to integrate in personal/commercial projects; no as-is resale/redistribution) | demo: https://tympanus.net/Development/BlockRevealers/)","1","2026-10-04"
"M83","Reveals","Paper-tear headline reveal","M62","21st.dev (Tiger Tear Reveal)","https://21st.dev/@kedhareswer/components/tiger-tear-reveal.md","inspired, no code copied (source: look and learn only (author-owned); page lists licence: mit)","1","2026-10-04"
"M84","Reveals","Folded flyer unfolds","M2","Codrops (github.com/codrops)","https://github.com/codrops/3DRestaurantMenu","inspired, no code copied (source: MIT (stated in README, no LICENSE file) | demo: http://tympanus.net/Tutorials/3DRestaurantMenu/)","1","2026-10-04"
"M85","Reveals","Sticky text with clip-path image steps","M18","Balans Kitchen","https://www.awwwards.com/inspiration/clip-path-scroll-animation-with-sticky-layout-balans-kitchen-1","inspired, no code copied (source: motion idea only, site all rights reserved (Awwwards element = video + title/tags; motion rebuilt from title, tags and description, not from code))","1","2026-10-04"
"M86","Reveals","Pinned list with cross-swapping visual","M29","Columbus Travel","https://www.awwwards.com/inspiration/animated-pinned-services-section-columbus-travel","inspired, no code copied (source: motion idea only, site all rights reserved (Awwwards element = video + title/tags; motion rebuilt from title, tags and description, not from code))","1","2026-10-04"
"M87","Reveals","Images pass a fixed title","M7","The Happy Few","https://www.awwwards.com/inspiration/sticky-gallery-the-happy-few-the-happy-few","inspired, no code copied (source: motion idea only, site all rights reserved (Awwwards element = video + title/tags; motion rebuilt from title, tags and description, not from code))","1","2026-10-04"
"M88","Reveals","Stacking cards tilt back in 3D","M40","Naya Studio","https://www.awwwards.com/inspiration/services-3d-scene-and-stacking-cards-scroll-naya-studio","inspired, no code copied (source: motion idea only, site all rights reserved (Awwwards element = video + title/tags; motion rebuilt from title, tags and description, not from code))","1","2026-10-04"
"M89","Reveals","Batched viewport stagger","M34","GSAP demos","https://demos.gsap.com/demo/stagger-items-in-on-scroll","inspired, no code copied (source: GSAP free standard licence; demo code is author-owned (GreenSock) - look & learn, rebuild ourselves)","1","2026-10-04"
"M90","Text effects","Dual curtain text wipe","M104","21st.dev (Dual Wipe Reveal)","https://21st.dev/@soralabs/components/dual-wipe-reveal.md","inspired, no code copied (source: look and learn only (author-owned); page lists licence: MIT)","1","2026-10-04"
"M91","Text effects","Layout-pushing word flip","M106","Aceternity UI","https://ui.aceternity.com/components/layout-text-flip","inspired, no code copied (source: Aceternity licence (proprietary) — look and learn only, rebuild from description)","1","2026-10-04"
"M92","Text effects","Mask-filled heading, word wipe","M119","React Bits","https://reactbits.dev/text-animations/masked-heading","inspired, no code copied (source: React Bits: MIT + Commons Clause v1.0 (c) 2026 David Haz - free to use in a website; may not sell/redistribute the components themselves. We rebuild from description only.)","1","2026-10-04"
"M93","Text effects","Paper-fold from bottom hinge (words)","M122","React Bits","https://reactbits.dev/text-animations/fold-text","inspired, no code copied (source: React Bits: MIT + Commons Clause v1.0 (c) 2026 David Haz - free to use in a website; may not sell/redistribute the components themselves. We rebuild from description only.)","1","2026-10-04"
"M94","Text effects","Scroll-scrubbed letter swap","U33","Fancy Components","https://raw.githubusercontent.com/DanielPetho/fancy/main/src/content/docs/components/text/scroll-and-swap.mdx","inspired, no code copied (source: MIT © 2024 Daniel Petho (Fancy Components) — idea only, rebuilt in GSAP)","1","2026-10-04"
"M95","Text effects","Short slide-down stack","M113","Animata","https://animata.design/docs/text/short-slide-down","inspired, no code copied (source: MIT, Copyright (c) Animata (codse/animata LICENSE.md); idea only, rebuilt in GSAP)","1","2026-10-04"
"M96","Text effects","Word pull-up","M124","Eldora UI","https://raw.githubusercontent.com/karthikmudunuri/eldoraui/main/apps/www/content/docs/components/word-pull-up-text.mdx","inspired, no code copied (source: MIT © Mudunuri Bhaskara Karthikeya Varma (Eldora UI) — idea only)","1","2026-10-04"
"M97","Text effects","3D rotating phrase swap","M23","React Bits","https://reactbits.dev/text-animations/rotating-text","inspired, no code copied (source: React Bits: MIT + Commons Clause v1.0 (c) 2026 David Haz - free to use in a website; may not sell/redistribute the components themselves. We rebuild from description only.)","1","2026-10-04"
"M98","Text effects","Blur-in characters, no travel","M6","Magic UI","https://magicui.design/docs/components/text-animate","inspired, no code copied (source: MIT, Copyright (c) Magic UI (magicuidesign/magicui LICENSE.md) - idea only, rebuilt in GSAP)","1","2026-10-04"
"M99","Text effects","Bottom-up letters staircase","M12","Animata","https://animata.design/docs/text/bottom-up-letters","inspired, no code copied (source: MIT, Copyright (c) Animata (codse/animata LICENSE.md); idea only, rebuilt in GSAP)","1","2026-10-04"
"M100","Text effects","Box reveal wipe","M1","Magic UI","https://v3.magicui.design/docs/components/box-reveal","inspired, no code copied (source: MIT, Copyright (c) Magic UI (magicuidesign/magicui LICENSE.md) - idea only, rebuilt in GSAP)","1","2026-10-04"
"M101","Text effects","Char flip-up (rotateX 90 -> 0)","M12","Motion Primitives","https://motion-primitives.com/docs/text-effect","inspired, no code copied (source: MIT, Copyright (c) 2024 ibelick (motion-primitives LICENCE.md); idea only, rebuilt in GSAP)","1","2026-10-04"
"M102","Text effects","Chars stretch down from above","M12","Codrops (github.com/codrops)","https://github.com/codrops/OnScrollTypographyAnimations","inspired, no code copied (source: MIT (LICENSE file, ""Copyright (c) 2009 - <year> Codrops"") | Set 1 | demo: https://tympanus.net/codrops/?p=69734)","1","2026-10-04"
"M103","Text effects","Circular text ring","M39","React Bits","https://reactbits.dev/text-animations/circular-text","inspired, no code copied (source: React Bits: MIT + Commons Clause v1.0 (c) 2026 David Haz - free to use in a website; may not sell/redistribute the components themselves. We rebuild from description only.)","1","2026-10-04"
"M104","Text effects","Colour block line wipe","M23","21st.dev (Text Block Animation)","https://21st.dev/@daiwiikharihar/components/text-block-animation.md","inspired, no code copied (source: look and learn only (author-owned); page lists licence: unknown)","1","2026-10-04"
"M105","Text effects","Echo-trail entrance","M6","React Bits","https://reactbits.dev/text-animations/echo-text","inspired, no code copied (source: React Bits: MIT + Commons Clause v1.0 (c) 2026 David Haz - free to use in a website; may not sell/redistribute the components themselves. We rebuild from description only.)","1","2026-10-04"
"M106","Text effects","Flip words (blur-out up, letters in)","M59","Aceternity UI","https://ui.aceternity.com/components/flip-words","inspired, no code copied (source: Aceternity licence (proprietary) — look and learn only, rebuild from description)","1","2026-10-04"
"M107","Text effects","Focus-blur resolve with blur exit","M50","Animata","https://animata.design/docs/text/focus-blur-resolve","inspired, no code copied (source: MIT, Copyright (c) Animata (codse/animata LICENSE.md); idea only, rebuilt in GSAP)","1","2026-10-04"
"M108","Text effects","Focus-in with tracking (Animista)","M6","Animista","https://animista.net/play/text/focus-in","inspired, no code copied (source: Animista: generated CSS free for personal & commercial use under FreeBSD licence (c) 2017 Ana Travas - we rebuild in GSAP)","1","2026-10-04"
"M109","Text effects","Hand-drawn marker annotation","M8","Magic UI","https://magicui.design/docs/components/highlighter","inspired, no code copied (source: MIT, Copyright (c) Magic UI (magicuidesign/magicui LICENSE.md) - idea only, rebuilt in GSAP)","1","2026-10-04"
"M110","Text effects","Handwriting draw","M8","21st.dev (Handwriting SVG)","https://21st.dev/@pulkitxm/components/handwriting-svg.md","inspired, no code copied (source: look and learn only (author-owned); page lists licence: no-license)","1","2026-10-04"
"M111","Text effects","Headline splits in half","M23","Dora Expo","https://www.awwwards.com/inspiration/split-text-in-half-with-scroll-effect-dora-expo-ai-era-web-design","inspired, no code copied (source: motion idea only, site all rights reserved (Awwwards element = video + title/tags; motion rebuilt from title, tags and description, not from code))","1","2026-10-04"
"M112","Text effects","Inline image text reveal","M20","21st.dev (ImgText Reveal Scroll Animation)","https://21st.dev/@ajith66310/components/imgtext-reveal-scroll-animation.md","inspired, no code copied (source: look and learn only (author-owned); page lists licence: mit)","1","2026-10-04"
"M113","Text effects","Kinetic centre build","M12","Animata","https://animata.design/docs/text/kinetic-center-build","inspired, no code copied (source: MIT, Copyright (c) Animata (codse/animata LICENSE.md); idea only, rebuilt in GSAP)","1","2026-10-04"
"M114","Text effects","Letter roll-up on hover","M12","Baunfire","https://www.awwwards.com/inspiration/text-animation-hover-effect","inspired, no code copied (source: motion idea only, site all rights reserved (Awwwards element = video + title/tags; motion rebuilt from title, tags and description, not from code))","1","2026-10-04"
"M115","Text effects","Letter scroll reveal","M20","Skiper UI","https://skiper-ui.com/v1/skiper31","inspired, no code copied (source: Skiper UI site terms: all rights reserved, no reproduction — LOOK AND LEARN ONLY (free item))","1","2026-10-04"
"M116","Text effects","Line-by-line slide-left","M23","Magic UI","https://magicui.design/docs/components/text-animate","inspired, no code copied (source: MIT, Copyright (c) Magic UI (magicuidesign/magicui LICENSE.md) - idea only, rebuilt in GSAP)","1","2026-10-04"
"M117","Text effects","Marker highlight sweep","M20","Fancy Components","https://raw.githubusercontent.com/DanielPetho/fancy/main/src/content/docs/components/text/text-highlighter.mdx","inspired, no code copied (source: MIT © 2024 Daniel Petho (Fancy Components) — idea only, rebuilt in GSAP)","1","2026-10-04"
"M118","Text effects","Marker highlight sweeps words","M20","Sol","https://www.awwwards.com/inspiration/scroll-based-text-highlight-sol","inspired, no code copied (source: motion idea only, site all rights reserved (Awwwards element = video + title/tags; motion rebuilt from title, tags and description, not from code))","1","2026-10-04"
"M119","Text effects","Mask-filled heading, word rise","M23","React Bits","https://reactbits.dev/text-animations/masked-heading","inspired, no code copied (source: React Bits: MIT + Commons Clause v1.0 (c) 2026 David Haz - free to use in a website; may not sell/redistribute the components themselves. We rebuild from description only.)","1","2026-10-04"
"M120","Text effects","One word in a sentence changes","M23","Money in Check","https://www.awwwards.com/inspiration/everything-changes-scroll-driven-typography-money-in-check-a-novel-by-oscar-perez","inspired, no code copied (source: motion idea only, site all rights reserved (Awwwards element = video + title/tags; motion rebuilt from title, tags and description, not from code))","1","2026-10-04"
"M121","Text effects","Panning image inside type","M24","21st.dev (Image Text)","https://21st.dev/@animbits/components/image-text.md","inspired, no code copied (source: look and learn only (author-owned); page lists licence: MIT)","1","2026-10-04"
"M122","Text effects","Paper-fold line unfold (top hinge)","M31","React Bits","https://reactbits.dev/text-animations/fold-text","inspired, no code copied (source: React Bits: MIT + Commons Clause v1.0 (c) 2026 David Haz - free to use in a website; may not sell/redistribute the components themselves. We rebuild from description only.)","1","2026-10-04"
"M123","Text effects","Per-char fade-in-blur rise","M6","Motion Primitives","https://motion-primitives.com/docs/text-effect","inspired, no code copied (source: MIT, Copyright (c) 2024 ibelick (motion-primitives LICENCE.md); idea only, rebuilt in GSAP)","1","2026-10-04"
"M124","Text effects","Per-character slide-up (unmasked)","M12","Magic UI","https://magicui.design/docs/components/text-animate","inspired, no code copied (source: MIT, Copyright (c) Magic UI (magicuidesign/magicui LICENSE.md) - idea only, rebuilt in GSAP)","1","2026-10-04"
"M125","Text effects","Per-line slide-up (no mask)","M23","Motion Primitives","https://motion-primitives.com/docs/text-effect","inspired, no code copied (source: MIT, Copyright (c) 2024 ibelick (motion-primitives LICENCE.md); idea only, rebuilt in GSAP)","1","2026-10-04"
"M126","Text effects","Per-word blur dissolve-in","M6","Motion Primitives","https://motion-primitives.com/docs/text-effect","inspired, no code copied (source: MIT, Copyright (c) 2024 ibelick (motion-primitives LICENCE.md); idea only, rebuilt in GSAP)","1","2026-10-04"
"M127","Text effects","Rainbow sweep settling to ink","M49","Magic UI","https://magicui.design/docs/components/dia-text-reveal","inspired, no code copied (source: MIT, Copyright (c) Magic UI (magicuidesign/magicui LICENSE.md) - idea only, rebuilt in GSAP)","1","2026-10-04"
"M128","Text effects","Rolling drum text","M12","GSAP demos","https://demos.gsap.com/demo/rolling-text","inspired, no code copied (source: GSAP free standard licence; demo code is author-owned (GreenSock) - look & learn, rebuild ourselves)","1","2026-10-04"
"M129","Text effects","Rotated line reveal","M23","Codrops (github.com/codrops)","https://github.com/codrops/SuperfluidLayout","inspired, no code copied (source: MIT (LICENSE file, ""Copyright (c) 2009 - <year> Codrops"") | demo: https://tympanus.net/codrops/?p=55661)","1","2026-10-04"
"M130","Text effects","Rotating word slot","M58","Fancy Components","https://raw.githubusercontent.com/DanielPetho/fancy/main/src/content/docs/components/text/text-rotate.mdx","inspired, no code copied (source: MIT © 2024 Daniel Petho (Fancy Components) — idea only, rebuilt in GSAP)","1","2026-10-04"
"M131","Text effects","Scroll reveal with tilt + blur","M20","React Bits","https://reactbits.dev/text-animations/scroll-reveal","inspired, no code copied (source: React Bits: MIT + Commons Clause v1.0 (c) 2026 David Haz - free to use in a website; may not sell/redistribute the components themselves. We rebuild from description only.)","1","2026-10-04"
"M132","Text effects","Sliced text glass effect","M16","Codrops (github.com/codrops)","https://github.com/codrops/SlicedTextEffect","inspired, no code copied (source: MIT (LICENSE file, ""Copyright (c) 2009 - <year> Codrops"") | demo: https://tympanus.net/codrops/?p=74735)","1","2026-10-04"
"M133","Text effects","Sliding digits (per-digit vertical slide)","M48","Motion Primitives","https://motion-primitives.com/docs/sliding-number","inspired, no code copied (source: MIT, Copyright (c) 2024 ibelick (motion-primitives LICENCE.md); idea only, rebuilt in GSAP)","1","2026-10-04"
"M134","Text effects","Smooth typewriter (clip sweep)","M21","Aceternity UI","https://ui.aceternity.com/components/typewriter-effect","inspired, no code copied (source: Aceternity licence (proprietary) — look and learn only, rebuild from description)","1","2026-10-04"
"M135","Text effects","Stroke draw then flood fill","M24","React Bits","https://reactbits.dev/text-animations/stroke-text","inspired, no code copied (source: React Bits: MIT + Commons Clause v1.0 (c) 2026 David Haz - free to use in a website; may not sell/redistribute the components themselves. We rebuild from description only.)","2","2026-10-04"
"M136","Text effects","Text block swap: words rise from tilt","M23","Codrops (github.com/codrops)","https://github.com/codrops/TextBlockTransitions","inspired, no code copied (source: MIT (LICENSE file, ""Copyright (c) 2009 - <year> Codrops"") | Demo 1 | demo: https://tympanus.net/codrops/?p=72862)","2","2026-10-04"
"M137","Text effects","Text loop on arch","M39","React Bits","https://reactbits.dev/text-animations/text-loop","inspired, no code copied (source: React Bits: MIT + Commons Clause v1.0 (c) 2026 David Haz - free to use in a website; may not sell/redistribute the components themselves. We rebuild from description only.)","2","2026-10-04"
"M138","Text effects","Text overwrite (TextPlugin)","M21","GSAP demos","https://demos.gsap.com/demo/animate-text-replacement","inspired, no code copied (source: GSAP free standard licence; demo code is author-owned (GreenSock) - look & learn, rebuild ourselves)","2","2026-10-04"
"M139","Text effects","Text roll-in (letters flip down then settle)","M12","Motion Primitives","https://motion-primitives.com/docs/text-roll","inspired, no code copied (source: MIT, Copyright (c) 2024 ibelick (motion-primitives LICENCE.md); idea only, rebuilt in GSAP)","2","2026-10-04"
"M140","Text effects","Tracking-in (Animista)","M6","Animista","https://animista.net/play/text/tracking-in","inspired, no code copied (source: Animista: generated CSS free for personal & commercial use under FreeBSD licence (c) 2017 Ana Travas - we rebuild in GSAP)","2","2026-10-04"
"M141","Text effects","True-focus word sweep","M50","React Bits","https://reactbits.dev/text-animations/true-focus","inspired, no code copied (source: React Bits: MIT + Commons Clause v1.0 (c) 2026 David Haz - free to use in a website; may not sell/redistribute the components themselves. We rebuild from description only.)","2","2026-10-04"
"M142","Text effects","Variable weight on scroll","M25","Krew","https://www.awwwards.com/inspiration/variable-font-weight-on-scroll-krew","inspired, no code copied (source: motion idea only, site all rights reserved (Awwwards element = video + title/tags; motion rebuilt from title, tags and description, not from code))","2","2026-10-04"
"M143","Text effects","Vertical cut reveal (staggered chars)","M23","Fancy Components","https://raw.githubusercontent.com/DanielPetho/fancy/main/src/content/docs/components/text/vertical-cut-reveal.mdx","inspired, no code copied (source: MIT © 2024 Daniel Petho (Fancy Components) — idea only, rebuilt in GSAP)","2","2026-10-04"
"M144","Text effects","Word loop slide-up","M23","Motion Primitives","https://motion-primitives.com/docs/text-loop","inspired, no code copied (source: MIT, Copyright (c) 2024 ibelick (motion-primitives LICENCE.md); idea only, rebuilt in GSAP)","2","2026-10-04"
"M145","Text effects","Words slide sideways in masks","M23","Codrops (github.com/codrops)","https://github.com/codrops/TextBlockTransitions","inspired, no code copied (source: MIT (LICENSE file, ""Copyright (c) 2009 - <year> Codrops"") | Demo 7 | demo: https://tympanus.net/codrops/?p=72862)","2","2026-10-04"
"M146","Scroll & pinned","Giant wordmark docks into nav","","The Designers Club","https://www.awwwards.com/inspiration/header-with-scroll-animation-the-designers-club","inspired, no code copied (source: motion idea only, site all rights reserved (Awwwards element = video + title/tags; motion rebuilt from title, tags and description, not from code))","2","2026-10-04"
"M147","Scroll & pinned","Zoom parallax cluster","M28","21st.dev (Zoom Parallax)","https://21st.dev/@efferd/components/zoom-parallax.md","inspired, no code copied (source: look and learn only (author-owned); page lists licence: unknown)","2","2026-10-04"
"M148","Scroll & pinned","Full-bleed shrinks into bento","M34","GSAP demos","https://demos.gsap.com/demo/scrubbed-bento-gallery","inspired, no code copied (source: GSAP free standard licence; demo code is author-owned (GreenSock) - look & learn, rebuild ourselves)","2","2026-10-04"
"M149","Scroll & pinned","Sticky half with image swap per block","M42","SquareKicker","https://www.awwwards.com/inspiration/split-screen-sticky-scrolling-layout-squarekicker-2","inspired, no code copied (source: motion idea only, site all rights reserved (Awwwards element = video + title/tags; motion rebuilt from title, tags and description, not from code))","2","2026-10-04"
"M150","Scroll & pinned","Pinned side index drives image swap","","GSAP demos","https://demos.gsap.com/demo/lateral-pin-indicator","inspired, no code copied (source: GSAP free standard licence; demo code is author-owned (GreenSock) - look & learn, rebuild ourselves)","2","2026-10-04"
"M151","Scroll & pinned","Sticky copy + colour + card swap","M10","Aceternity UI","https://ui.aceternity.com/components/sticky-scroll-reveal","inspired, no code copied (source: Aceternity licence (proprietary) — look and learn only, rebuild from description)","2","2026-10-04"
"M152","Scroll & pinned","Pinned full-bleed wipe slideshow","M1","21st.dev (Scroll Gallery)","https://21st.dev/@soralabs/components/scroll-gallery.md","inspired, no code copied (source: look and learn only (author-owned); page lists licence: MIT)","2","2026-10-04"
"M153","Scroll & pinned","Horizontal gallery with inner image parallax","M11","Lafaurie","https://www.awwwards.com/inspiration/horizontal-scroll-gallery-parallax-lafaurie","inspired, no code copied (source: motion idea only, site all rights reserved (Awwwards element = video + title/tags; motion rebuilt from title, tags and description, not from code))","2","2026-10-04"
"M154","Scroll & pinned","One gesture = one section (timeline per section)","","Studio Gerti X / Cominvi","https://www.awwwards.com/inspiration/home-full-page-scroll-studio-gerti-x","inspired, no code copied (source: motion idea only, site all rights reserved (Awwwards element = video + title/tags; motion rebuilt from title, tags and description, not from code))","2","2026-10-04"
"M155","Scroll & pinned","Footer revealed underneath","","Voltpile","https://www.awwwards.com/inspiration/footer-and-cta-voltpile","inspired, no code copied (source: motion idea only, site all rights reserved (Awwwards element = video + title/tags; motion rebuilt from title, tags and description, not from code))","2","2026-10-04"
"M156","Scroll & pinned","Liquid level rises in bottle (velocity slosh)","M26","Ratafia Almond Spirit","https://www.awwwards.com/inspiration/3d-model-animation-ratafia-almond-spirit","inspired, no code copied (source: motion idea only, site all rights reserved (Awwwards element = video + title/tags; motion rebuilt from title, tags and description, not from code))","2","2026-10-04"
"M157","Scroll & pinned","Flavour gradient crossfade by block","M10","Drink Cann","https://www.awwwards.com/inspiration/scroll-color-fade","inspired, no code copied (source: motion idea only, site all rights reserved (Awwwards element = video + title/tags; motion rebuilt from title, tags and description, not from code))","2","2026-10-04"
"M158","Scroll & pinned","Bottle rolls across on scroll","M35","Fernet-Branca US","https://www.awwwards.com/inspiration/bottle-roll-animation-fernet-branca-us","inspired, no code copied (source: motion idea only, site all rights reserved (Awwwards element = video + title/tags; motion rebuilt from title, tags and description, not from code))","2","2026-10-04"
"M159","Scroll & pinned","Spiral depth fly-through of images","F4","Codrops (github.com/codrops)","https://github.com/codrops/3DStackMotion","inspired, no code copied (source: MIT (LICENSE file, ""Copyright (c) 2009 - <year> Codrops"") | demo: https://tympanus.net/codrops/demos/?tag=stack)","2","2026-10-04"
"M160","Image effects","List hover: photo follows cursor","","GSAP demos","https://demos.gsap.com/demo/cursor-tracking-image-preview","inspired, no code copied (source: GSAP free standard licence; demo code is author-owned (GreenSock) - look & learn, rebuild ourselves)","2","2026-10-04"
"M161","Image effects","List hover: full-screen photo behind","","Once Upon a Time in Hollywood","https://www.awwwards.com/inspiration/menu-hover-preview","inspired, no code copied (source: motion idea only, site all rights reserved (Awwwards element = video + title/tags; motion rebuilt from title, tags and description, not from code))","2","2026-10-04"
"M162","Image effects","Row hover: photo opens in side column","M1","UNION","https://www.awwwards.com/inspiration/union-c-image-reveal-on-hover","inspired, no code copied (source: motion idea only, site all rights reserved (Awwwards element = video + title/tags; motion rebuilt from title, tags and description, not from code))","2","2026-10-04"
"M163","Image effects","Double-image hover wipe + filter settle","M62","Codrops (github.com/codrops)","https://github.com/codrops/DoubleImageHoverEffects","inspired, no code copied (source: MIT (LICENSE file, ""Copyright (c) 2009 - <year> Codrops"") | demo: https://tympanus.net/codrops/?p=70713)","2","2026-10-04"
"M164","Image effects","Cursor clear-circle through blur","M19","21st.dev (Image Reveal)","https://21st.dev/@jatin-yadav05/components/image-reveal.md","inspired, no code copied (source: look and learn only (author-owned); page lists licence: unknown)","2","2026-10-04"
"M165","Image effects","Magnifier loupe","","Aceternity UI","https://ui.aceternity.com/components/lens","inspired, no code copied (source: Aceternity licence (proprietary) — look and learn only, rebuild from description)","2","2026-10-04"
"M166","Image effects","Glass lens refraction","M165","Dorian Lods","https://www.awwwards.com/inspiration/webgl-refraction-hover-effect-dorian-lods-portfolio-2025","inspired, no code copied (source: motion idea only, site all rights reserved (Awwwards element = video + title/tags; motion rebuilt from title, tags and description, not from code))","2","2026-10-04"
"M167","Image effects","Blob clip morph on hover","M53","Codrops (github.com/codrops)","https://github.com/codrops/OrganicShapeAnimations","inspired, no code copied (source: Codrops licence (free to integrate in personal/commercial projects; no as-is resale/redistribution) | demo: https://tympanus.net/codrops/?p=31563)","2","2026-10-04"
"M168","Image effects","Blob-mask slide change","X3","Tuxkarma (via Awwwards collection)","https://www.awwwards.com/awwwards/collections/css-js-animations/","inspired, no code copied (source: motion idea only, site all rights reserved (Awwwards element = video + title/tags; motion rebuilt from title, tags and description, not from code))","2","2026-10-04"
"M169","Image effects","Wave sweep slide change","M66","Tao Tajima","https://www.awwwards.com/inspiration/wave-distortion-transitions","inspired, no code copied (source: motion idea only, site all rights reserved (Awwwards element = video + title/tags; motion rebuilt from title, tags and description, not from code))","2","2026-10-04"
"M170","Image effects","Cloth flutter slide change","","Awwwards element","https://www.awwwards.com/inspiration/webgl-cloth-effect-on-transition","inspired, no code copied (source: motion idea only, site all rights reserved (Awwwards element = video + title/tags; motion rebuilt from title, tags and description, not from code))","2","2026-10-04"
"M171","Image effects","Coverflow with blurred ambient backdrop","M513","21st.dev (3D Coverflow Carousel)","https://21st.dev/@dg.singh252525/components/3-d-coverflow-carousel.md","inspired, no code copied (source: look and learn only (author-owned); page lists licence: mit)","2","2026-10-04"
"M172","Image effects","Squeeze accordion panels","","21st.dev (Squeeze Carousel)","https://21st.dev/@yura/components/carousel-squeeze.md","inspired, no code copied (source: look and learn only (author-owned); page lists licence: mit)","2","2026-10-04"
"M173","Image effects","Hover-expand panels with vertical labels","M172","21st.dev (Hover Expand Gallery)","https://21st.dev/@kedhareswer/components/hover-expand-gallery.md","inspired, no code copied (source: look and learn only (author-owned); page lists licence: mit)","2","2026-10-04"
"M174","Image effects","Accordion panels with inner image parallax","M172","React Bits","https://reactbits.dev/components/accordion-gallery","inspired, no code copied (source: React Bits: MIT + Commons Clause v1.0 (c) 2026 David Haz - free to use in a website; may not sell/redistribute the components themselves. We rebuild from description only.)","2","2026-10-04"
"M175","Image effects","Accordion row with slit-open photo","M1","Practice Hospitality","https://www.awwwards.com/inspiration/custom-creative-accordion-practice-hospitality","inspired, no code copied (source: motion idea only, site all rights reserved (Awwwards element = video + title/tags; motion rebuilt from title, tags and description, not from code))","2","2026-10-04"
"M176","Image effects","Ken Burns split slideshow","M13","21st.dev (Elegant Carousel)","https://21st.dev/@dev.yadhakim/components/elegant-carousel.md","inspired, no code copied (source: look and learn only (author-owned); page lists licence: unknown)","2","2026-10-04"
"M177","Image effects","Indicator hover clip slideshow","M18","21st.dev (Slideshow)","https://21st.dev/@youcefbnm/components/slideshow.md","inspired, no code copied (source: look and learn only (author-owned); page lists licence: MIT)","2","2026-10-04"
"M178","Image effects","Fluted glass ribs over image","","Cult UI","https://raw.githubusercontent.com/nolly-studio/cult-ui/main/apps/www/content/docs/components/fluted-glass.mdx","inspired, no code copied (source: MIT © 2023 Jordan-Gilliam (Cult UI) — idea only)","2","2026-10-04"
"M179","Image effects","360° product drag spin","M27","pq by Ron Arad","https://www.awwwards.com/inspiration/360-product-view","inspired, no code copied (source: motion idea only, site all rights reserved (Awwwards element = video + title/tags; motion rebuilt from title, tags and description, not from code))","2","2026-10-04"
"M180","Image effects","In-frame image parallax","M7","GSAP docs","https://gsap.com/docs/v3/Plugins/ScrollSmoother/","inspired, no code copied (source: GSAP free standard licence; demo code is author-owned (GreenSock) - look & learn, rebuild ourselves)","2","2026-10-04"
"M181","Backgrounds & ambient","Aurora curtains","M52","Aceternity UI","https://ui.aceternity.com/components/aurora-background","inspired, no code copied (source: Aceternity licence (proprietary) — look and learn only, rebuild from description)","2","2026-10-04"
"M182","Backgrounds & ambient","Vertical aurora ribbons (shader)","M181","SmoothUI","https://raw.githubusercontent.com/educlopez/smoothui/main/apps/docs/content/docs/components/aurora-curtain.mdx","inspired, no code copied (source: MIT © 2024 Eduardo Calvo (SmoothUI) — idea only)","2","2026-10-04"
"M183","Backgrounds & ambient","Silk folds","M52","21st.dev (Silk Black)","https://21st.dev/@riyan.besseghir/components/silk-black.md","inspired, no code copied (source: look and learn only (author-owned); page lists licence: mit)","2","2026-10-04"
"M184","Backgrounds & ambient","Caustic light","","21st.dev (Caustics Shader)","https://21st.dev/@vilseekumar/components/caustics-shader.md","inspired, no code copied (source: look and learn only (author-owned); page lists licence: mit)","2","2026-10-04"
"M185","Backgrounds & ambient","Leaf-shadow sunlight","","21st.dev (Sunlit Cutting Mat)","https://21st.dev/@kedhareswer/components/sunlit-cutting-mat.md","inspired, no code copied (source: look and learn only (author-owned); page lists licence: mit)","2","2026-10-04"
"M186","Backgrounds & ambient","Fluted glass","M52","21st.dev (Fluted Glass)","https://21st.dev/@paper-design/components/fluted-glass.md","inspired, no code copied (source: look and learn only (author-owned); page lists licence: apache-2.0)","2","2026-10-04"
"M187","Backgrounds & ambient","Water surface shimmer","","21st.dev (Water · Abstract)","https://21st.dev/@paper-design/components/water-abstract.md","inspired, no code copied (source: look and learn only (author-owned); page lists licence: apache-2.0)","2","2026-10-04"
"M188","Backgrounds & ambient","Raindrops on glass","","Codrops (github.com/codrops)","https://github.com/codrops/RainEffect","inspired, no code copied (source: Codrops licence (free to integrate in personal/commercial projects; no as-is resale/redistribution) | demo: http://tympanus.net/Development/RainEffect/)","2","2026-10-04"
"M189","Backgrounds & ambient","Drifting procedural clouds","M36","Aceternity UI","https://ui.aceternity.com/components/cloud-shader","inspired, no code copied (source: Aceternity licence (proprietary) — look and learn only, rebuild from description)","2","2026-10-04"
"M190","Backgrounds & ambient","Coloured smoke plumes","M36","21st.dev (ug sl by idk)","https://21st.dev/@danjune1998/components/ug-sl-by-idk.md","inspired, no code copied (source: look and learn only (author-owned); page lists licence: mit)","2","2026-10-04"
"M191","Backgrounds & ambient","Volumetric fog bank","M190","21st.dev (realistic fog background)","https://21st.dev/@ashishrajwaniai01/components/realistic-fog-background.md","inspired, no code copied (source: look and learn only (author-owned); page lists licence: unknown)","2","2026-10-04"
"M192","Backgrounds & ambient","Rotating conic halo","M37","Motion Primitives","https://motion-primitives.com/docs/glow-effect","inspired, no code copied (source: MIT, Copyright (c) 2024 ibelick (motion-primitives LICENCE.md); idea only, rebuilt in GSAP)","2","2026-10-04"
"M193","Backgrounds & ambient","Lamp switches on over heading","M61","Aceternity UI","https://ui.aceternity.com/components/lamp-effect","inspired, no code copied (source: Aceternity licence (proprietary) — look and learn only, rebuild from description)","2","2026-10-04"
"M194","Backgrounds & ambient","Diagonal spotlight settles","M61","Aceternity UI","https://ui.aceternity.com/components/spotlight","inspired, no code copied (source: Aceternity licence (proprietary) — look and learn only, rebuild from description)","2","2026-10-04"
