code,category,name,source_site,source_url,type,batch,date
"HR01","Hero","Split product hero + logo strip","Mixed (21st.dev, Tailark, HyperUI, Magic UI, Preline, Flowbite, award sites)","docs/SOURCES.md#section-layouts-section-menu-labsections-checked-2026-10-03","inspired (no code copied)","0","2026-10-03"
"HR02","Hero","Full-bleed photo, centred statement, info bar","Mixed (21st.dev, Tailark, HyperUI, Magic UI, Preline, Flowbite, award sites)","docs/SOURCES.md#section-layouts-section-menu-labsections-checked-2026-10-03","inspired (no code copied)","0","2026-10-03"
"HR03","Hero","Editorial collage","Mixed (21st.dev, Tailark, HyperUI, Magic UI, Preline, Flowbite, award sites)","docs/SOURCES.md#section-layouts-section-menu-labsections-checked-2026-10-03","inspired (no code copied)","0","2026-10-03"
"HR04","Hero","Giant wordmark behind a centred product + spec chips","Mixed (21st.dev, Tailark, HyperUI, Magic UI, Preline, Flowbite, award sites)","docs/SOURCES.md#section-layouts-section-menu-labsections-checked-2026-10-03","inspired (no code copied)","0","2026-10-03"
"HR05","Hero","Image fan under a centred headline","Mixed (21st.dev, Tailark, HyperUI, Magic UI, Preline, Flowbite, award sites)","docs/SOURCES.md#section-layouts-section-menu-labsections-checked-2026-10-03","inspired (no code copied)","0","2026-10-03"
"HR06","Hero","Bento hero (headline, product, stat, swatches)","Mixed (21st.dev, Tailark, HyperUI, Magic UI, Preline, Flowbite, award sites)","docs/SOURCES.md#section-layouts-section-menu-labsections-checked-2026-10-03","inspired (no code copied)","0","2026-10-03"
"HR07","Hero","Pack-size hero with live price","Mixed (21st.dev, Tailark, HyperUI, Magic UI, Preline, Flowbite, award sites)","docs/SOURCES.md#section-layouts-section-menu-labsections-checked-2026-10-03","inspired (no code copied)","0","2026-10-03"
"HR08","Hero","Two-mood split, title on the seam","Mixed (21st.dev, Tailark, HyperUI, Magic UI, Preline, Flowbite, award sites)","docs/SOURCES.md#section-layouts-section-menu-labsections-checked-2026-10-03","inspired (no code copied)","0","2026-10-03"
"HR09","Hero","Chapter opener","Mixed (21st.dev, Tailark, HyperUI, Magic UI, Preline, Flowbite, award sites)","docs/SOURCES.md#section-layouts-section-menu-labsections-checked-2026-10-03","inspired (no code copied)","0","2026-10-03"
"HR10","Hero","Product on a plinth + spec bar","Mixed (21st.dev, Tailark, HyperUI, Magic UI, Preline, Flowbite, award sites)","docs/SOURCES.md#section-layouts-section-menu-labsections-checked-2026-10-03","inspired (no code copied)","0","2026-10-03"
"HR11","Hero","Diced image hero (drifting tile columns)","Mixed (21st.dev, Tailark, HyperUI, Magic UI, Preline, Flowbite, award sites)","docs/SOURCES.md#section-layouts-section-menu-labsections-checked-2026-10-03","inspired (no code copied)","0","2026-10-03"
"HR12","Hero","Atmospheric light-ray hero","Mixed (21st.dev, Tailark, HyperUI, Magic UI, Preline, Flowbite, award sites)","docs/SOURCES.md#section-layouts-section-menu-labsections-checked-2026-10-03","inspired (no code copied)","0","2026-10-03"
"FT01","Features","Hairline feature row","Mixed (21st.dev, Tailark, HyperUI, Magic UI, Preline, Flowbite, award sites)","docs/SOURCES.md#section-layouts-section-menu-labsections-checked-2026-10-03","inspired (no code copied)","0","2026-10-03"
"FT02","Features","Sticky title, cards scroll past","Mixed (21st.dev, Tailark, HyperUI, Magic UI, Preline, Flowbite, award sites)","docs/SOURCES.md#section-layouts-section-menu-labsections-checked-2026-10-03","inspired (no code copied)","0","2026-10-03"
"FT03","Features","Tabbed features + swapping media","Mixed (21st.dev, Tailark, HyperUI, Magic UI, Preline, Flowbite, award sites)","docs/SOURCES.md#section-layouts-section-menu-labsections-checked-2026-10-03","inspired (no code copied)","0","2026-10-03"
"FT04","Features","Product with callout lines","Mixed (21st.dev, Tailark, HyperUI, Magic UI, Preline, Flowbite, award sites)","docs/SOURCES.md#section-layouts-section-menu-labsections-checked-2026-10-03","inspired (no code copied)","0","2026-10-03"
"FT05","Features","Alternating image/text rows (exactly 2)","Mixed (21st.dev, Tailark, HyperUI, Magic UI, Preline, Flowbite, award sites)","docs/SOURCES.md#section-layouts-section-menu-labsections-checked-2026-10-03","inspired (no code copied)","0","2026-10-03"
"FT06","Features","How it works (3 joined steps)","Mixed (21st.dev, Tailark, HyperUI, Magic UI, Preline, Flowbite, award sites)","docs/SOURCES.md#section-layouts-section-menu-labsections-checked-2026-10-03","inspired (no code copied)","0","2026-10-03"
"FT07","Features","Before / after cards","Mixed (21st.dev, Tailark, HyperUI, Magic UI, Preline, Flowbite, award sites)","docs/SOURCES.md#section-layouts-section-menu-labsections-checked-2026-10-03","inspired (no code copied)","0","2026-10-03"
"FT08","Features","Big stat in the copy + checklist","Mixed (21st.dev, Tailark, HyperUI, Magic UI, Preline, Flowbite, award sites)","docs/SOURCES.md#section-layouts-section-menu-labsections-checked-2026-10-03","inspired (no code copied)","0","2026-10-03"
"FT09","Features","Colour-band icon grid","Mixed (21st.dev, Tailark, HyperUI, Magic UI, Preline, Flowbite, award sites)","docs/SOURCES.md#section-layouts-section-menu-labsections-checked-2026-10-03","inspired (no code copied)","0","2026-10-03"
"FT10","Features","Opposite marquees around a statement","Mixed (21st.dev, Tailark, HyperUI, Magic UI, Preline, Flowbite, award sites)","docs/SOURCES.md#section-layouts-section-menu-labsections-checked-2026-10-03","inspired (no code copied)","0","2026-10-03"
"BN01","Bento","Classic bento","Mixed (21st.dev, Tailark, HyperUI, Magic UI, Preline, Flowbite, award sites)","docs/SOURCES.md#section-layouts-section-menu-labsections-checked-2026-10-03","inspired (no code copied)","0","2026-10-03"
"BN02","Bento","Product / stat / review / CTA bento","Mixed (21st.dev, Tailark, HyperUI, Magic UI, Preline, Flowbite, award sites)","docs/SOURCES.md#section-layouts-section-menu-labsections-checked-2026-10-03","inspired (no code copied)","0","2026-10-03"
"BN03","Bento","Asymmetric rows 8/4","Mixed (21st.dev, Tailark, HyperUI, Magic UI, Preline, Flowbite, award sites)","docs/SOURCES.md#section-layouts-section-menu-labsections-checked-2026-10-03","inspired (no code copied)","0","2026-10-03"
"BN04","Bento","Launch countdown bento","Mixed (21st.dev, Tailark, HyperUI, Magic UI, Preline, Flowbite, award sites)","docs/SOURCES.md#section-layouts-section-menu-labsections-checked-2026-10-03","inspired (no code copied)","0","2026-10-03"
"BN05","Bento","Photo mosaic","Mixed (21st.dev, Tailark, HyperUI, Magic UI, Preline, Flowbite, award sites)","docs/SOURCES.md#section-layouts-section-menu-labsections-checked-2026-10-03","inspired (no code copied)","0","2026-10-03"
"BN06","Bento","Flavour bento","Mixed (21st.dev, Tailark, HyperUI, Magic UI, Preline, Flowbite, award sites)","docs/SOURCES.md#section-layouts-section-menu-labsections-checked-2026-10-03","inspired (no code copied)","0","2026-10-03"
"BN07","Bento","Headline bento","Mixed (21st.dev, Tailark, HyperUI, Magic UI, Preline, Flowbite, award sites)","docs/SOURCES.md#section-layouts-section-menu-labsections-checked-2026-10-03","inspired (no code copied)","0","2026-10-03"
"BN08","Bento","Dark glass bento + border sheen","Mixed (21st.dev, Tailark, HyperUI, Magic UI, Preline, Flowbite, award sites)","docs/SOURCES.md#section-layouts-section-menu-labsections-checked-2026-10-03","inspired (no code copied)","0","2026-10-03"
"PS01","Product showcase","Product row","Mixed (21st.dev, Tailark, HyperUI, Magic UI, Preline, Flowbite, award sites)","docs/SOURCES.md#section-layouts-section-menu-labsections-checked-2026-10-03","inspired (no code copied)","0","2026-10-03"
"PS02","Product showcase","Editorial product index","Mixed (21st.dev, Tailark, HyperUI, Magic UI, Preline, Flowbite, award sites)","docs/SOURCES.md#section-layouts-section-menu-labsections-checked-2026-10-03","inspired (no code copied)","0","2026-10-03"
"PS03","Product showcase","Variant switcher","Mixed (21st.dev, Tailark, HyperUI, Magic UI, Preline, Flowbite, award sites)","docs/SOURCES.md#section-layouts-section-menu-labsections-checked-2026-10-03","inspired (no code copied)","0","2026-10-03"
"PS04","Product showcase","Spotlight + buy box","Mixed (21st.dev, Tailark, HyperUI, Magic UI, Preline, Flowbite, award sites)","docs/SOURCES.md#section-layouts-section-menu-labsections-checked-2026-10-03","inspired (no code copied)","0","2026-10-03"
"PS05","Product showcase","Shelf (bending drift)","Mixed (21st.dev, Tailark, HyperUI, Magic UI, Preline, Flowbite, award sites)","docs/SOURCES.md#section-layouts-section-menu-labsections-checked-2026-10-03","inspired (no code copied)","0","2026-10-03"
"PS06","Product showcase","Pack-size selector","Mixed (21st.dev, Tailark, HyperUI, Magic UI, Preline, Flowbite, award sites)","docs/SOURCES.md#section-layouts-section-menu-labsections-checked-2026-10-03","inspired (no code copied)","0","2026-10-03"
"PS07","Product showcase","Three-step configurator","Mixed (21st.dev, Tailark, HyperUI, Magic UI, Preline, Flowbite, award sites)","docs/SOURCES.md#section-layouts-section-menu-labsections-checked-2026-10-03","inspired (no code copied)","0","2026-10-03"
"PS08","Product showcase","Shop the look","Mixed (21st.dev, Tailark, HyperUI, Magic UI, Preline, Flowbite, award sites)","docs/SOURCES.md#section-layouts-section-menu-labsections-checked-2026-10-03","inspired (no code copied)","0","2026-10-03"
"ST01","Stats / ingredients","Big numbers row","Mixed (21st.dev, Tailark, HyperUI, Magic UI, Preline, Flowbite, award sites)","docs/SOURCES.md#section-layouts-section-menu-labsections-checked-2026-10-03","inspired (no code copied)","0","2026-10-03"
"ST02","Stats / ingredients","Ingredient dossier","Mixed (21st.dev, Tailark, HyperUI, Magic UI, Preline, Flowbite, award sites)","docs/SOURCES.md#section-layouts-section-menu-labsections-checked-2026-10-03","inspired (no code copied)","0","2026-10-03"
"ST03","Stats / ingredients","Ingredient orbit","Mixed (21st.dev, Tailark, HyperUI, Magic UI, Preline, Flowbite, award sites)","docs/SOURCES.md#section-layouts-section-menu-labsections-checked-2026-10-03","inspired (no code copied)","0","2026-10-03"
"ST04","Stats / ingredients","Nutrition label","Mixed (21st.dev, Tailark, HyperUI, Magic UI, Preline, Flowbite, award sites)","docs/SOURCES.md#section-layouts-section-menu-labsections-checked-2026-10-03","inspired (no code copied)","0","2026-10-03"
"ST05","Stats / ingredients","Accent stats band","Mixed (21st.dev, Tailark, HyperUI, Magic UI, Preline, Flowbite, award sites)","docs/SOURCES.md#section-layouts-section-menu-labsections-checked-2026-10-03","inspired (no code copied)","0","2026-10-03"
"ST06","Stats / ingredients","Comparison bars","Mixed (21st.dev, Tailark, HyperUI, Magic UI, Preline, Flowbite, award sites)","docs/SOURCES.md#section-layouts-section-menu-labsections-checked-2026-10-03","inspired (no code copied)","0","2026-10-03"
"SY01","Story / about","Split sticky story","Mixed (21st.dev, Tailark, HyperUI, Magic UI, Preline, Flowbite, award sites)","docs/SOURCES.md#section-layouts-section-menu-labsections-checked-2026-10-03","inspired (no code copied)","0","2026-10-03"
"SY02","Story / about","Timeline strip","Mixed (21st.dev, Tailark, HyperUI, Magic UI, Preline, Flowbite, award sites)","docs/SOURCES.md#section-layouts-section-menu-labsections-checked-2026-10-03","inspired (no code copied)","0","2026-10-03"
"SY03","Story / about","Founder letter","Mixed (21st.dev, Tailark, HyperUI, Magic UI, Preline, Flowbite, award sites)","docs/SOURCES.md#section-layouts-section-menu-labsections-checked-2026-10-03","inspired (no code copied)","0","2026-10-03"
"SY04","Story / about","Manifesto","Mixed (21st.dev, Tailark, HyperUI, Magic UI, Preline, Flowbite, award sites)","docs/SOURCES.md#section-layouts-section-menu-labsections-checked-2026-10-03","inspired (no code copied)","0","2026-10-03"
"SY05","Story / about","Heritage chapter","Mixed (21st.dev, Tailark, HyperUI, Magic UI, Preline, Flowbite, award sites)","docs/SOURCES.md#section-layouts-section-menu-labsections-checked-2026-10-03","inspired (no code copied)","0","2026-10-03"
"SY06","Story / about","Process","Mixed (21st.dev, Tailark, HyperUI, Magic UI, Preline, Flowbite, award sites)","docs/SOURCES.md#section-layouts-section-menu-labsections-checked-2026-10-03","inspired (no code copied)","0","2026-10-03"
"GL01","Gallery","Masonry drift gallery","Mixed (21st.dev, Tailark, HyperUI, Magic UI, Preline, Flowbite, award sites)","docs/SOURCES.md#section-layouts-section-menu-labsections-checked-2026-10-03","inspired (no code copied)","0","2026-10-03"
"GL02","Gallery","Filmstrip drift","Mixed (21st.dev, Tailark, HyperUI, Magic UI, Preline, Flowbite, award sites)","docs/SOURCES.md#section-layouts-section-menu-labsections-checked-2026-10-03","inspired (no code copied)","0","2026-10-03"
"GL03","Gallery","Main image + thumbnail strip","Mixed (21st.dev, Tailark, HyperUI, Magic UI, Preline, Flowbite, award sites)","docs/SOURCES.md#section-layouts-section-menu-labsections-checked-2026-10-03","inspired (no code copied)","0","2026-10-03"
"GL04","Gallery","Social grid","Mixed (21st.dev, Tailark, HyperUI, Magic UI, Preline, Flowbite, award sites)","docs/SOURCES.md#section-layouts-section-menu-labsections-checked-2026-10-03","inspired (no code copied)","0","2026-10-03"
"GL05","Gallery","Polaroid scatter","Mixed (21st.dev, Tailark, HyperUI, Magic UI, Preline, Flowbite, award sites)","docs/SOURCES.md#section-layouts-section-menu-labsections-checked-2026-10-03","inspired (no code copied)","0","2026-10-03"
"GL06","Gallery","Split opposite scroll","Mixed (21st.dev, Tailark, HyperUI, Magic UI, Preline, Flowbite, award sites)","docs/SOURCES.md#section-layouts-section-menu-labsections-checked-2026-10-03","inspired (no code copied)","0","2026-10-03"
"SP01","Social proof","Two-row review marquee","Mixed (21st.dev, Tailark, HyperUI, Magic UI, Preline, Flowbite, award sites)","docs/SOURCES.md#section-layouts-section-menu-labsections-checked-2026-10-03","inspired (no code copied)","0","2026-10-03"
"SP02","Social proof","Three-column review wall","Mixed (21st.dev, Tailark, HyperUI, Magic UI, Preline, Flowbite, award sites)","docs/SOURCES.md#section-layouts-section-menu-labsections-checked-2026-10-03","inspired (no code copied)","0","2026-10-03"
"SP03","Social proof","Large quote + portrait","Mixed (21st.dev, Tailark, HyperUI, Magic UI, Preline, Flowbite, award sites)","docs/SOURCES.md#section-layouts-section-menu-labsections-checked-2026-10-03","inspired (no code copied)","0","2026-10-03"
"SP04","Social proof","Press wall","Mixed (21st.dev, Tailark, HyperUI, Magic UI, Preline, Flowbite, award sites)","docs/SOURCES.md#section-layouts-section-menu-labsections-checked-2026-10-03","inspired (no code copied)","0","2026-10-03"
"SP05","Social proof","Rating summary","Mixed (21st.dev, Tailark, HyperUI, Magic UI, Preline, Flowbite, award sites)","docs/SOURCES.md#section-layouts-section-menu-labsections-checked-2026-10-03","inspired (no code copied)","0","2026-10-03"
"SP06","Social proof","Trust strip","Mixed (21st.dev, Tailark, HyperUI, Magic UI, Preline, Flowbite, award sites)","docs/SOURCES.md#section-layouts-section-menu-labsections-checked-2026-10-03","inspired (no code copied)","0","2026-10-03"
"PR01","Pricing / shop","Three tiers, raised middle","Mixed (21st.dev, Tailark, HyperUI, Magic UI, Preline, Flowbite, award sites)","docs/SOURCES.md#section-layouts-section-menu-labsections-checked-2026-10-03","inspired (no code copied)","0","2026-10-03"
"PR02","Pricing / shop","Subscribe vs one-time toggle","Mixed (21st.dev, Tailark, HyperUI, Magic UI, Preline, Flowbite, award sites)","docs/SOURCES.md#section-layouts-section-menu-labsections-checked-2026-10-03","inspired (no code copied)","0","2026-10-03"
"PR03","Pricing / shop","Two bundle cards","Mixed (21st.dev, Tailark, HyperUI, Magic UI, Preline, Flowbite, award sites)","docs/SOURCES.md#section-layouts-section-menu-labsections-checked-2026-10-03","inspired (no code copied)","0","2026-10-03"
"PR04","Pricing / shop","Pricing bento","Mixed (21st.dev, Tailark, HyperUI, Magic UI, Preline, Flowbite, award sites)","docs/SOURCES.md#section-layouts-section-menu-labsections-checked-2026-10-03","inspired (no code copied)","0","2026-10-03"
"PR05","Pricing / shop","Comparison table, sticky header","Mixed (21st.dev, Tailark, HyperUI, Magic UI, Preline, Flowbite, award sites)","docs/SOURCES.md#section-layouts-section-menu-labsections-checked-2026-10-03","inspired (no code copied)","0","2026-10-03"
"PR06","Pricing / shop","Stockist ledger","Mixed (21st.dev, Tailark, HyperUI, Magic UI, Preline, Flowbite, award sites)","docs/SOURCES.md#section-layouts-section-menu-labsections-checked-2026-10-03","inspired (no code copied)","0","2026-10-03"
"FQ01","FAQ","Two-column FAQ, self-opening accordion","Mixed (21st.dev, Tailark, HyperUI, Magic UI, Preline, Flowbite, award sites)","docs/SOURCES.md#section-layouts-section-menu-labsections-checked-2026-10-03","inspired (no code copied)","0","2026-10-03"
"FQ02","FAQ","Centred accordion with auto-cycling tabs","Mixed (21st.dev, Tailark, HyperUI, Magic UI, Preline, Flowbite, award sites)","docs/SOURCES.md#section-layouts-section-menu-labsections-checked-2026-10-03","inspired (no code copied)","0","2026-10-03"
"FQ03","FAQ","FAQ cards grid","Mixed (21st.dev, Tailark, HyperUI, Magic UI, Preline, Flowbite, award sites)","docs/SOURCES.md#section-layouts-section-menu-labsections-checked-2026-10-03","inspired (no code copied)","0","2026-10-03"
"FQ04","FAQ","FAQ + help card split","Mixed (21st.dev, Tailark, HyperUI, Magic UI, Preline, Flowbite, award sites)","docs/SOURCES.md#section-layouts-section-menu-labsections-checked-2026-10-03","inspired (no code copied)","0","2026-10-03"
"CT01","CTA band","Accent band, giant CTA line","Mixed (21st.dev, Tailark, HyperUI, Magic UI, Preline, Flowbite, award sites)","docs/SOURCES.md#section-layouts-section-menu-labsections-checked-2026-10-03","inspired (no code copied)","0","2026-10-03"
"CT02","CTA band","CTA card over a bending marquee","Mixed (21st.dev, Tailark, HyperUI, Magic UI, Preline, Flowbite, award sites)","docs/SOURCES.md#section-layouts-section-menu-labsections-checked-2026-10-03","inspired (no code copied)","0","2026-10-03"
"CT03","CTA band","Photo with frosted glass CTA card","Mixed (21st.dev, Tailark, HyperUI, Magic UI, Preline, Flowbite, award sites)","docs/SOURCES.md#section-layouts-section-menu-labsections-checked-2026-10-03","inspired (no code copied)","0","2026-10-03"
"CT04","CTA band","Countdown launch banner","Mixed (21st.dev, Tailark, HyperUI, Magic UI, Preline, Flowbite, award sites)","docs/SOURCES.md#section-layouts-section-menu-labsections-checked-2026-10-03","inspired (no code copied)","0","2026-10-03"
"CT05","CTA band","Three steps ending in the CTA","Mixed (21st.dev, Tailark, HyperUI, Magic UI, Preline, Flowbite, award sites)","docs/SOURCES.md#section-layouts-section-menu-labsections-checked-2026-10-03","inspired (no code copied)","0","2026-10-03"
"CT06","CTA band","Split choice: shop online / find a store","Mixed (21st.dev, Tailark, HyperUI, Magic UI, Preline, Flowbite, award sites)","docs/SOURCES.md#section-layouts-section-menu-labsections-checked-2026-10-03","inspired (no code copied)","0","2026-10-03"
"NL01","Newsletter","Inline single-row signup","Mixed (21st.dev, Tailark, HyperUI, Magic UI, Preline, Flowbite, award sites)","docs/SOURCES.md#section-layouts-section-menu-labsections-checked-2026-10-03","inspired (no code copied)","0","2026-10-03"
"NL02","Newsletter","Split: image + form with perks","Mixed (21st.dev, Tailark, HyperUI, Magic UI, Preline, Flowbite, award sites)","docs/SOURCES.md#section-layouts-section-menu-labsections-checked-2026-10-03","inspired (no code copied)","0","2026-10-03"
"NL03","Newsletter","Big type with underline input","Mixed (21st.dev, Tailark, HyperUI, Magic UI, Preline, Flowbite, award sites)","docs/SOURCES.md#section-layouts-section-menu-labsections-checked-2026-10-03","inspired (no code copied)","0","2026-10-03"
"NL04","Newsletter","Card over a flickering grid","Mixed (21st.dev, Tailark, HyperUI, Magic UI, Preline, Flowbite, award sites)","docs/SOURCES.md#section-layouts-section-menu-labsections-checked-2026-10-03","inspired (no code copied)","0","2026-10-03"
"FO01","Footer","Giant cropped wordmark + 3 link columns","Mixed (21st.dev, Tailark, HyperUI, Magic UI, Preline, Flowbite, award sites)","docs/SOURCES.md#section-layouts-section-menu-labsections-checked-2026-10-03","inspired (no code copied)","0","2026-10-03"
"FO02","Footer","Mega sitemap, 5 columns + legal row","Mixed (21st.dev, Tailark, HyperUI, Magic UI, Preline, Flowbite, award sites)","docs/SOURCES.md#section-layouts-section-menu-labsections-checked-2026-10-03","inspired (no code copied)","0","2026-10-03"
"FO03","Footer","Newsletter strip + columns + socials","Mixed (21st.dev, Tailark, HyperUI, Magic UI, Preline, Flowbite, award sites)","docs/SOURCES.md#section-layouts-section-menu-labsections-checked-2026-10-03","inspired (no code copied)","0","2026-10-03"
"FO04","Footer","Minimal two-column footer","Mixed (21st.dev, Tailark, HyperUI, Magic UI, Preline, Flowbite, award sites)","docs/SOURCES.md#section-layouts-section-menu-labsections-checked-2026-10-03","inspired (no code copied)","0","2026-10-03"
"FO05","Footer","Big statement footer","Mixed (21st.dev, Tailark, HyperUI, Magic UI, Preline, Flowbite, award sites)","docs/SOURCES.md#section-layouts-section-menu-labsections-checked-2026-10-03","inspired (no code copied)","0","2026-10-03"
"FO06","Footer","Footer with 3 image cards","Mixed (21st.dev, Tailark, HyperUI, Magic UI, Preline, Flowbite, award sites)","docs/SOURCES.md#section-layouts-section-menu-labsections-checked-2026-10-03","inspired (no code copied)","0","2026-10-03"
"FO07","Footer","Info footer: address, hours, stockists, map","Mixed (21st.dev, Tailark, HyperUI, Magic UI, Preline, Flowbite, award sites)","docs/SOURCES.md#section-layouts-section-menu-labsections-checked-2026-10-03","inspired (no code copied)","0","2026-10-03"
"FO08","Footer","Marquee footer + socials + legal","Mixed (21st.dev, Tailark, HyperUI, Magic UI, Preline, Flowbite, award sites)","docs/SOURCES.md#section-layouts-section-menu-labsections-checked-2026-10-03","inspired (no code copied)","0","2026-10-03"
"NV01","Navbar / menu","Numbered full-screen menu with image swap","Awwwards","https://velaaprivateisland.com/booking","inspired, no code copied (source: layout idea only, site all rights reserved)","1","2026-10-04"
"NV02","Navbar / menu","Marquee row menu","Codrops (MarqueeMenu)","https://github.com/codrops/MarqueeMenu","inspired, no code copied (source: MIT (Codrops))","1","2026-10-04"
"NV03","Navbar / menu","Floating bottom dock with CTA","Awwwards (elespacio dock, MOREMEDIA floating dock)","https://www.awwwards.com/elements/navigation/","inspired, no code copied (source: layout idea only, site all rights reserved)","1","2026-10-04"
"PD01","Process / steps","Many-to-one beam convergence diagram","Magic UI","https://magicui.design/docs/components/animated-beam","inspired, no code copied (source: MIT, Copyright (c) Magic UI (magicuidesign/magicui LICENSE.md))","1","2026-10-04"
"PD02","Process / steps","One object travels across waypoints","Codrops (OneElementScroll)","https://github.com/codrops/OneElementScroll","inspired, no code copied (source: MIT (Codrops))","1","2026-10-04"
"CP01","Comparison / before-after","Full-width drag before/after","21st.dev","https://21st.dev/@kuratlielia/components/image-compare.md","inspired, no code copied (source: look and learn only (author-owned); page lists licence: MIT)","1","2026-10-04"
"CP02","Comparison / before-after","Size line-up on a baseline","Awwwards (Interactive Cup Size Guide, Acme)","https://www.awwwards.com/elements/products/","inspired, no code copied (source: layout idea only, site all rights reserved)","1","2026-10-04"
"TM01","Team","Staggered portraits + synced member list","21st.dev","https://21st.dev/@makviesainte/components/team-showcase.md","inspired, no code copied (source: look and learn only (author-owned); page lists licence: unknown)","1","2026-10-04"
"TM02","Team","Staff directory rows with cursor portrait","Awwwards (Meet the Staff, Personaal; User Directory, Okay Dev)","https://www.awwwards.com/elements/team/","inspired, no code copied (source: layout idea only, site all rights reserved)","1","2026-10-04"
"LG01","Logos / press","Flip rolodex logo slots","21st.dev","https://21st.dev/@uniquesonu/components/animated-logo-rolodex.md","inspired, no code copied (source: look and learn only (author-owned); page lists licence: unknown)","1","2026-10-04"
"LG02","Logos / press","Split headline + vertical logo ticker","21st.dev","https://21st.dev/@dhileepkumargm/components/vertical-logo-scroller.md","inspired, no code copied (source: look and learn only (author-owned); page lists licence: unknown)","1","2026-10-04"
"MN01","Menu / price list","Two-column course menu with dotted leaders","21st.dev","https://21st.dev/@olewandowski1/components/menu-1.md","inspired, no code copied (source: look and learn only (author-owned); page lists licence: MIT)","1","2026-10-04"
"MN02","Menu / price list","Tasting menu sequence","SiteInspire (L'Enclume)","https://www.lenclume.co.uk/","inspired, no code copied (source: layout idea only, site all rights reserved)","1","2026-10-04"
"BK01","Booking / reservation","Hero-docked availability bar","Awwwards (Tandjung Sari)","https://tandjungsarihotel.com/","inspired, no code copied (source: layout idea only, site all rights reserved)","1","2026-10-04"
"BK02","Booking / reservation","Detail page with sticky booking card","Awwwards (Yacht Booking page, Faith Ibiza)","https://www.awwwards.com/elements/pricing_page/","inspired, no code copied (source: layout idea only, site all rights reserved)","1","2026-10-04"
"LS01","Listings / rooms / property","Property cards with photo carousel + metrics","Awwwards (Map, Luxury Places)","https://www.luxury-places.ch/property/","inspired, no code copied (source: layout idea only, site all rights reserved)","1","2026-10-04"
"LS02","Listings / rooms / property","Finder: filters + results + map toggle","Awwwards (Booking, Faith Ibiza)","https://faithibiza.com/where-to-stay/villas/","inspired, no code copied (source: layout idea only, site all rights reserved)","1","2026-10-04"
"MP01","Locations / map","City list synced with a pin map","Magic UI","https://magicui.design/docs/components/dotted-map","inspired, no code copied (source: MIT, Copyright (c) Magic UI (magicuidesign/magicui LICENSE.md))","1","2026-10-04"
"MP02","Locations / map","Rising globe under a giant word","Magic UI","https://magicui.design/docs/components/globe","inspired, no code copied (source: MIT, Copyright (c) Magic UI (magicuidesign/magicui LICENSE.md))","1","2026-10-04"
"EV01","Events / schedule","Agenda list grouped by day","21st.dev","https://21st.dev/@ruixen.ui/components/inbox-calendar.md","inspired, no code copied (source: look and learn only (author-owned); page lists licence: unknown)","1","2026-10-04"
"EV02","Events / schedule","Ticket cards with sold-out state","Awwwards (Tickets, Design Bomb Festival)","https://www.designbomb.it/ticket","inspired, no code copied (source: layout idea only, site all rights reserved)","1","2026-10-04"
"VD01","Video feature","Pinned frame-scrub with segment cards","21st.dev","https://21st.dev/@jean.duthil13/components/mac-book-neo-hero.md","inspired, no code copied (source: look and learn only (author-owned); page lists licence: unknown)","1","2026-10-04"
"VD02","Video feature","Scroll-expanding media window (mid-page)","21st.dev","https://21st.dev/@arunachalam/components/scroll-expansion-hero.md","inspired, no code copied (source: look and learn only (author-owned); page lists licence: mit)","1","2026-10-04"
"VD03","Video feature","Sticky video chapters","21st.dev","https://21st.dev/@daiwiikharihar/components/scroll-triggered-video-hero.md","inspired, no code copied (source: look and learn only (author-owned); page lists licence: unknown)","1","2026-10-04"
"AP01","App download","Centre phone flanked by feature callouts","Magic UI","https://magicui.design/docs/components/iphone","inspired, no code copied (source: MIT, Copyright (c) Magic UI (magicuidesign/magicui LICENSE.md))","1","2026-10-04"
"AP02","App download","Three fanned phones beside copy","Magic UI","https://magicui.design/docs/components/android","inspired, no code copied (source: MIT, Copyright (c) Magic UI (magicuidesign/magicui LICENSE.md))","1","2026-10-04"
"JR01","Journal / blog","Featured post + filter pills + grid","21st.dev","https://21st.dev/@olewandowski1/components/blog-3.md","inspired, no code copied (source: look and learn only (author-owned); page lists licence: no-license)","1","2026-10-04"
"JR02","Journal / blog","Dated news ledger","SiteInspire (L'Enclume news)","https://www.lenclume.co.uk/","inspired, no code copied (source: layout idea only, site all rights reserved)","1","2026-10-04"
"CC01","Contact","Channels list + big form card","Tailark","https://github.com/tailark/blocks/blob/main/registry/bases/radix/mist/blocks/contact/one.tsx","inspired, no code copied (source: MIT © 2025 Irung (tailark/blocks LICENCE.md) — free OSS kits Dusk/Mist/Veil)","1","2026-10-04"
"CC02","Contact","Giant email across an image","Awwwards (Overlapping Content Minimal Contact Page, Jealous Films)","https://www.awwwards.com/elements/contact/","inspired, no code copied (source: layout idea only, site all rights reserved)","1","2026-10-04"
"AN01","Announcement / promo bar","Slim top bar with pill label","Preline UI","https://preline.co/blocks/marketing/announcement-banners/#announcement-banner-with-pill-label-link","inspired, no code copied (source: MIT + Preline UI Fair Use License (dual), © 2026 Preline Labs Ltd. — free blocks only)","1","2026-10-04"
"AN02","Announcement / promo bar","Three-part sale strip with code chip","Mamba UI","https://raw.githubusercontent.com/Microwawe/mamba-ui/master/src/app/components/banner/banner2/banner2.component.html","inspired, no code copied (source: MIT © 2020 Mamba UI)","1","2026-10-04"
"AN03","Announcement / promo bar","Floating bottom promo pill","HyperUI","https://raw.githubusercontent.com/markmead/hyperui/main/public/examples/marketing/announcements/5.html","inspired, no code copied (source: MIT © Mark Mead)","1","2026-10-04"
"PL01","Poll / vote","Vote poll with live result bars","HyperUI","https://raw.githubusercontent.com/markmead/hyperui/main/public/examples/marketing/polls/1.html","inspired, no code copied (source: MIT © Mark Mead)","1","2026-10-04"
"ER01","Error / 404","Oversized-numeral 404","21st.dev","https://21st.dev/@olewandowski1/components/oversized-404-numeral.md","inspired, no code copied (source: look and learn only (author-owned); page lists licence: MIT-0)","1","2026-10-04"
"CR01","Careers","Job cards + split application form","Awwwards (Délice)","https://delice.ca/en/","inspired, no code copied (source: layout idea only, site all rights reserved)","1","2026-10-04"
"HR13","Hero","Video shrinks into the title","Awwwards (Full video to text, Sao Tome e Principe Turismo)","https://www.awwwards.com/elements/hero_image/","inspired, no code copied (source: layout idea only, site all rights reserved)","1","2026-10-04"
"HR14","Hero","Torn-word reveal","21st.dev","https://21st.dev/@kedhareswer/components/tiger-tear-reveal.md","inspired, no code copied (source: look and learn only (author-owned); page lists licence: mit)","1","2026-10-04"
"HR15","Hero","Copy, subject on a colour disc, stacked words","21st.dev","https://21st.dev/@ravikatiyar162/components/minimalist-hero.md","inspired, no code copied (source: look and learn only (author-owned); page lists licence: unknown)","1","2026-10-04"
"HR16","Hero","Layered landscape parallax","Awwwards (Parallax Hero Animation, Columbus Travel)","https://www.awwwards.com/elements/hero_image/","inspired, no code copied (source: layout idea only, site all rights reserved)","1","2026-10-04"
"HR17","Hero","Headline over a full-width image belt","21st.dev","https://21st.dev/@ravikatiyar162/components/hero-3.md","inspired, no code copied (source: look and learn only (author-owned); page lists licence: unknown)","1","2026-10-04"
"HR18","Hero","Scatter-to-ring image hero","21st.dev","https://21st.dev/@prashantsom75/components/scroll-morph-hero.md","inspired, no code copied (source: look and learn only (author-owned); page lists licence: unknown)","1","2026-10-04"
"PS09","Product showcase","Product finder quiz","21st.dev","https://21st.dev/@ziegfiroyt/components/ecommerce46.md","inspired, no code copied (source: look and learn only (author-owned); page lists licence: Beste UI License)","1","2026-10-04"
"PS10","Product showcase","Mix-your-case builder","Awwwards (Bundles with infinite product options, Proteinbolaget)","https://www.awwwards.com/elements/products/","inspired, no code copied (source: layout idea only, site all rights reserved)","1","2026-10-04"
"PS11","Product showcase","Wheel label picker + crossfade image","21st.dev","https://21st.dev/@componentry/components/wheel-carousel.md","inspired, no code copied (source: look and learn only (author-owned); page lists licence: MIT)","1","2026-10-04"
"PS12","Product showcase","Rotating product cube","21st.dev","https://21st.dev/@danielpetho/components/css-box/css-box-scroll-demo.md","inspired, no code copied (source: look and learn only (author-owned); page lists licence: MIT)","1","2026-10-04"
"GL07","Gallery","Pinned wordmark under a scrolling 5-column grid","21st.dev","https://21st.dev/@ruixen.ui/components/portfolio-scroll-grid.md","inspired, no code copied (source: look and learn only (author-owned); page lists licence: mit)","1","2026-10-04"
"GL08","Gallery","Full-screen image shrinks into a thumbnail row","Codrops (FullscreenClipEffect)","https://github.com/codrops/FullscreenClipEffect","inspired, no code copied (source: MIT (Codrops))","1","2026-10-04"
"GL09","Gallery","Horizontal image accordion","21st.dev","https://21st.dev/@educalvolpz/components/hover-expand.md","inspired, no code copied (source: look and learn only (author-owned); page lists licence: MIT)","1","2026-10-04"
"GL10","Gallery","3D ring carousel","Codrops (3DCarousel)","https://github.com/codrops/3DCarousel","inspired, no code copied (source: MIT (Codrops))","1","2026-10-04"
"NV04","Navbar / menu","Header morphs into a floating capsule","21st.dev","https://21st.dev/@laziekiki/components/morphing-scroll-navbar.md","inspired, no code copied (source: look and learn only (author-owned); page lists licence: mit)","2","2026-10-04"
"NV05","Navbar / menu","Mega menu with featured story card","Awwwards (Mega Menu, AltaMed Foundation)","https://www.awwwards.com/elements/menu/","inspired, no code copied (source: layout idea only, site all rights reserved)","2","2026-10-04"
"NV06","Navbar / menu","Hover menu with one morphing panel","Aceternity UI","https://ui.aceternity.com/components/navbar-menu","inspired, no code copied (source: look and learn only (Aceternity Licence: not open source; author retains ownership; no redistribution of source; free tier gives access, not an OSS licence))","2","2026-10-04"
"NV07","Navbar / menu","Corner circle menu","Awwwards (Clip-Path Menu Transition, Forge Automotive)","https://www.awwwards.com/elements/menu/","inspired, no code copied (source: layout idea only, site all rights reserved)","2","2026-10-04"
"NV08","Navbar / menu","Box grid menu","Codrops (MultiboxMenu / GridMenu)","https://github.com/codrops/MultiboxMenu","inspired, no code copied (source: Codrops custom licence (free to build upon, no as-is redistribution); layout idea only)","2","2026-10-04"
"PD03","Process / steps","Auto-advancing steps with progress bars","21st.dev","https://21st.dev/@ayushmxxn/components/feature-section.md","inspired, no code copied (source: look and learn only (author-owned); page lists licence: mit)","2","2026-10-04"
"TM03","Team","Rotating founders wheel","Awwwards (Rotating Founders, PX PUSH)","https://www.awwwards.com/inspiration/rotating-founders-px-push","inspired, no code copied (source: layout idea only, site all rights reserved)","2","2026-10-04"
"TM04","Team","Hover-reveal bio portrait cards","HyperUI","https://raw.githubusercontent.com/markmead/hyperui/main/public/examples/marketing/cards/3.html","inspired, no code copied (source: MIT © Mark Mead)","2","2026-10-04"
"LG03","Logos / press","Endless logo strip with edge fades","Magic UI","https://magicui.design/docs/components/marquee","inspired, no code copied (source: MIT, Copyright (c) Magic UI (magicuidesign/magicui LICENSE.md))","2","2026-10-04"
"LG04","Logos / press","Logo grid with merged CTA cell","21st.dev","https://21st.dev/@shadcnui-blocks/components/logo-cloud-14.md","inspired, no code copied (source: look and learn only (author-owned); page lists licence: no-license)","2","2026-10-04"
"MN03","Menu / price list","Menu index + sticky service card","SiteInspire (Luca)","https://luca.restaurant/","inspired, no code copied (source: layout idea only, site all rights reserved)","2","2026-10-04"
"BK03","Booking / reservation","Two-month range picker + stay summary","21st.dev","https://21st.dev/@cnippet-dev/components/v-calendar-9.md","inspired, no code copied (source: look and learn only (author-owned); page lists licence: MIT)","2","2026-10-04"
"LS03","Listings / rooms / property","Residence carousel with status chips","Awwwards (Omai)","https://omaivillas.com/","inspired, no code copied (source: layout idea only, site all rights reserved)","2","2026-10-04"
"MP03","Locations / map","Scroll-zoom region map","Awwwards (Scroll-triggered map zoom, Sao Tome e Principe Turismo)","https://www.awwwards.com/elements/maps/","inspired, no code copied (source: layout idea only, site all rights reserved)","2","2026-10-04"
"MP04","Locations / map","Full-bleed map with floating location card","Awwwards (Contact & Locations, 21 Oaks)","https://www.awwwards.com/inspiration/contact-locations-21-oaks","inspired, no code copied (source: layout idea only, site all rights reserved)","2","2026-10-04"
"EV03","Events / schedule","'Happening now' mixed-card carousel","Awwwards (Hoyt Arts Center)","https://www.hoytartscenter.org","inspired, no code copied (source: layout idea only, site all rights reserved)","2","2026-10-04"
"VD04","Video feature","Vertical video track + synced titles","21st.dev","https://21st.dev/@piyushxdev/components/interactive-video-portfolio-scroller.md","inspired, no code copied (source: look and learn only (author-owned); page lists licence: mit)","2","2026-10-04"
"VD05","Video feature","Showreel on an object's screen","Awwwards (Project Showreel on Screen, Graffico Office)","https://www.awwwards.com/elements/video/","inspired, no code copied (source: layout idea only, site all rights reserved)","2","2026-10-04"
"AP03","App download","QR card + benefits split","21st.dev","https://21st.dev/@ravikatiyar162/components/app-download-section.md","inspired, no code copied (source: look and learn only (author-owned); page lists licence: unknown)","2","2026-10-04"
"JR03","Journal / blog","Split featured image + divider list","21st.dev","https://21st.dev/@ziegfiroyt/components/blog25.md","inspired, no code copied (source: look and learn only (author-owned); page lists licence: MIT)","2","2026-10-04"
"JR04","Journal / blog","Fluid importance grid","Awwwards (The insights / articles fluid grid, Elespacio)","https://www.awwwards.com/elements/gallery/","inspired, no code copied (source: layout idea only, site all rights reserved)","2","2026-10-04"
"CC03","Contact","Map backdrop + floating form card","Tailblocks","https://raw.githubusercontent.com/mertJF/tailblocks/master/src/blocks/contact/light/a.js","inspired, no code copied (source: MIT © 2020 Mert Cukuren)","2","2026-10-04"
"CC04","Contact","Globe + contact form split","21st.dev","https://21st.dev/@scrollxui/components/contact-with-globe.md","inspired, no code copied (source: look and learn only (author-owned); page lists licence: MIT)","2","2026-10-04"
"HR19","Hero","Bottom-anchored giant title on a full-bleed photo","21st.dev","https://21st.dev/@felipemenezes098/components/hero-12.md","inspired, no code copied (source: look and learn only (author-owned); page lists licence: no-license)","2","2026-10-04"
"HR20","Hero","Isometric image wall behind a statement","Aceternity UI","https://ui.aceternity.com/components/3d-marquee","inspired, no code copied (source: look and learn only (Aceternity Licence: not open source; author retains ownership; no redistribution of source; free tier gives access, not an OSS licence))","2","2026-10-04"
"HR21","Hero","Day-to-night crossfade landscape","Preline UI","https://preline.co/blocks/marketing/hero-sections/#center-aligned-hero-with-day-night-background","inspired, no code copied (source: MIT + Preline UI Fair Use License (dual), © 2026 Preline Labs Ltd. — free blocks only)","2","2026-10-04"
"HR22","Hero","Vanishing-point image rails","21st.dev","https://21st.dev/@ruixen.ui/components/image-stream-hero.md","inspired, no code copied (source: look and learn only (author-owned); page lists licence: mit)","2","2026-10-04"
"HR23","Hero","Tilted card wall that straightens","Aceternity UI","https://ui.aceternity.com/components/hero-parallax","inspired, no code copied (source: look and learn only (Aceternity Licence: not open source; author retains ownership; no redistribution of source; free tier gives access, not an OSS licence))","2","2026-10-04"
"FT11","Features","Pinned horizontal chapter track","21st.dev","https://21st.dev/@hyperiux/components/horizontal-feature-reveal.md","inspired, no code copied (source: look and learn only (author-owned); page lists licence: mit)","2","2026-10-04"
"FT12","Features","Stacked pinned card pile","21st.dev","https://21st.dev/@danielpetho/components/stacking-cards.md","inspired, no code copied (source: look and learn only (author-owned); page lists licence: MIT)","2","2026-10-04"
"FT13","Features","Headline orbited by floating cards","21st.dev","https://21st.dev/@uiable/components/content-16.md","inspired, no code copied (source: look and learn only (author-owned); page lists licence: MIT)","2","2026-10-04"
"BN09","Bento","Pillar bento with staggered seams","Magic UI","https://magicui.design/docs/components/bento-grid","inspired, no code copied (source: MIT, Copyright (c) Magic UI (magicuidesign/magicui LICENSE.md))","2","2026-10-04"
"PS13","Product showcase","Magnifier inspection card","Magic UI","https://magicui.design/docs/components/lens","inspired, no code copied (source: MIT, Copyright (c) Magic UI (magicuidesign/magicui LICENSE.md))","2","2026-10-04"
"PS14","Product showcase","Shop-by-category tile grid","21st.dev","https://21st.dev/@ziegfiroyt/components/ecommerce4.md","inspired, no code copied (source: look and learn only (author-owned); page lists licence: MIT)","2","2026-10-04"
"ST07","Stats / ingredients","Proportion bar","21st.dev","https://21st.dev/@8starlabs/components/partition-bar.md","inspired, no code copied (source: look and learn only (author-owned); page lists licence: MIT)","2","2026-10-04"
"ST08","Stats / ingredients","Provenance ledger","SiteInspire (Union Boulangerie methods)","https://unionboulangerie.com/","inspired, no code copied (source: layout idea only, site all rights reserved)","2","2026-10-04"
"SY07","Story / about","Statement with inline image chips","21st.dev","https://21st.dev/@ajith66310/components/imgtext-reveal-scroll-animation.md","inspired, no code copied (source: look and learn only (author-owned); page lists licence: mit)","2","2026-10-04"
"SY08","Story / about","Fixed title that swaps per chapter","Codrops (ScrollingLettersAnimation)","https://github.com/codrops/ScrollingLettersAnimation","inspired, no code copied (source: Codrops custom licence (free to build upon, no as-is redistribution))","2","2026-10-04"
"GL11","Gallery","Zoom parallax cluster","21st.dev","https://21st.dev/@efferd/components/zoom-parallax.md","inspired, no code copied (source: look and learn only (author-owned); page lists licence: unknown)","2","2026-10-04"
"GL12","Gallery","Rotating image sphere beside copy","Magic UI","https://magicui.design/docs/components/icon-cloud","inspired, no code copied (source: MIT, Copyright (c) Magic UI (magicuidesign/magicui LICENSE.md))","2","2026-10-04"
"GL13","Gallery","Pinned horizontal gallery with counter","Awwwards (Side Scrolling Gallery, Studio Gerti X)","https://www.awwwards.com/elements/gallery/","inspired, no code copied (source: layout idea only, site all rights reserved)","2","2026-10-04"
"GL14","Gallery","Grid that morphs into a slideshow","Codrops (GridToSlider / GridViewSwitch)","https://github.com/codrops/GridToSlider","inspired, no code copied (source: MIT (Codrops))","2","2026-10-04"
"SP07","Social proof","Counter-scrolling portrait reel","21st.dev","https://21st.dev/@smammar/components/scroll-reel-testimonials.md","inspired, no code copied (source: look and learn only (author-owned); page lists licence: unknown)","2","2026-10-04"
"SP08","Social proof","Vertical counter-scrolling review columns","Magic UI","https://magicui.design/docs/components/marquee","inspired, no code copied (source: MIT, Copyright (c) Magic UI (magicuidesign/magicui LICENSE.md))","2","2026-10-04"
"SP09","Social proof","Inline-name testimonials paragraph","21st.dev","https://21st.dev/@educalvolpz/components/inline-testimonials.md","inspired, no code copied (source: look and learn only (author-owned); page lists licence: MIT)","2","2026-10-04"
"PR07","Pricing / shop","Build-your-box add-ons + sticky total","21st.dev","https://21st.dev/@diarmuradi/components/pricing-9.md","inspired, no code copied (source: look and learn only (author-owned); page lists licence: no-license)","2","2026-10-04"
"FQ05","FAQ","Chat-bubble FAQ","21st.dev","https://21st.dev/@anshuman008/components/faq-chat-accordion.md","inspired, no code copied (source: look and learn only (author-owned); page lists licence: mit)","2","2026-10-04"
"FQ06","FAQ","Ledger FAQ (question left, answer right)","Mamba UI","https://raw.githubusercontent.com/Microwawe/mamba-ui/master/src/app/components/faq/faq4/faq4.component.html","inspired, no code copied (source: MIT © 2020 Mamba UI)","2","2026-10-04"
"CT07","CTA band","Scroll-drawn lines converging on a CTA","Aceternity UI","https://ui.aceternity.com/components/google-gemini-effect","inspired, no code copied (source: look and learn only (Aceternity Licence: not open source; author retains ownership; no redistribution of source; free tier gives access, not an OSS licence))","2","2026-10-04"
"FO09","Footer","Curtain-reveal footer","21st.dev","https://21st.dev/@jahed/components/motion-footer.md","inspired, no code copied (source: look and learn only (author-owned); page lists licence: unknown)","2","2026-10-04"
